{
  "tracer_bin": "BGS",
  "dataset": "dr1",
  "z_eff": 0.295,
  "n_samples_post_burn": 268800,
  "mean_qpar": 1.0007784830945567,
  "mean_qper": 1.0016789000864623,
  "sigma_qpar": 0.05583025183304391,
  "sigma_qper": 0.03147048598408181,
  "sigma_DH_over_rd_mcmc": 1.4434776278580113,
  "sigma_DM_over_rd_mcmc": 0.26060816424473027,
  "sigma_DV_over_rd_mcmc": 0.15413075991748573,
  "sigma_DH_over_rd_data": NaN,
  "sigma_DM_over_rd_data": NaN,
  "sigma_DV_over_rd_data": 0.1507417808704673,
  "alpha_prior": [
    0.8,
    1.2
  ],
  "DH_fid_over_rd": 25.854757599421557,
  "DM_fid_over_rd": 8.281033994090507
}