{
  "tracer_bin": "ELG2",
  "dataset": "dr1",
  "z_eff": 1.321,
  "n_samples_post_burn": 268800,
  "mean_qpar": 1.0032787688801617,
  "mean_qper": 1.0005147520259068,
  "sigma_qpar": 0.023699006615487947,
  "sigma_qper": 0.01983566165296663,
  "sigma_DH_over_rd_mcmc": 0.3333095115737249,
  "sigma_DM_over_rd_mcmc": 0.5570168565159666,
  "sigma_DV_over_rd_mcmc": 0.2933515987453427,
  "sigma_DH_over_rd_data": 0.4222209113722341,
  "sigma_DM_over_rd_data": 0.6903403921255079,
  "sigma_DV_over_rd_data": NaN,
  "alpha_prior": [
    0.8,
    1.2
  ],
  "DH_fid_over_rd": 14.0642819752579,
  "DM_fid_over_rd": 28.081586904496273
}