{
  "tracer_bin": "ELG2",
  "dataset": "dr1",
  "z_eff": 1.321,
  "n_samples_post_burn": 268800,
  "mean_qpar": 1.0008572480693565,
  "mean_qper": 1.0003005096044961,
  "sigma_qpar": 0.024304019399823584,
  "sigma_qper": 0.020381345639928963,
  "sigma_DH_over_rd_mcmc": 0.34181858197125714,
  "sigma_DM_over_rd_mcmc": 0.5723405288182413,
  "sigma_DV_over_rd_mcmc": 0.2997439385555691,
  "sigma_DH_over_rd_data": 0.4222209113722341,
  "sigma_DM_over_rd_data": 0.6903403921255079,
  "sigma_DV_over_rd_data": NaN,
  "alpha_prior": [
    0.8,
    1.2
  ],
  "DH_fid_over_rd": 14.0642819752579,
  "DM_fid_over_rd": 28.081586904496273
}