{
  "tracer_bin": "ELG2",
  "dataset": "dr1",
  "z_eff": 1.321,
  "n_samples_post_burn": 268800,
  "mean_qpar": 1.002266762368347,
  "mean_qper": 1.000793106079225,
  "sigma_qpar": 0.02414096593598184,
  "sigma_qper": 0.01928582328203553,
  "sigma_DH_over_rd_mcmc": 0.33952535207874446,
  "sigma_DM_over_rd_mcmc": 0.5415765225192383,
  "sigma_DV_over_rd_mcmc": 0.2809916642053813,
  "sigma_DH_over_rd_data": 0.4222209113722341,
  "sigma_DM_over_rd_data": 0.6903403921255079,
  "sigma_DV_over_rd_data": NaN,
  "alpha_prior": [
    0.8,
    1.2
  ],
  "DH_fid_over_rd": 14.0642819752579,
  "DM_fid_over_rd": 28.081586904496273
}