{
  "tracer": "ELG2",
  "apmode": "qparqper",
  "source": "bundle_native_xi_theory",
  "sig_DH": 0.40734391148195354,
  "sig_DM": 0.7125418619018994,
  "sig_DV": 0.3764681685691739,
  "desi_DH": 0.4222209113722341,
  "desi_DM": 0.6903403921255079,
  "desi_DV": NaN,
  "ratio_DH": 0.9647648908673667,
  "ratio_DM": 1.0321601778334812,
  "ratio_DV": NaN
}