{
  "tracer_bin": "LRG1",
  "dataset": "dr1",
  "z_eff": 0.51,
  "n_samples_post_burn": 268800,
  "mean_qpar": 1.0018404785481987,
  "mean_qper": 1.000109987716574,
  "sigma_qpar": 0.032753120672533186,
  "sigma_qper": 0.01765051632281857,
  "sigma_DH_over_rd_mcmc": 0.7448021766565655,
  "sigma_DM_over_rd_mcmc": 0.2382923716432584,
  "sigma_DV_over_rd_mcmc": 0.15096661817134316,
  "sigma_DH_over_rd_data": 0.6107116799276071,
  "sigma_DM_over_rd_data": 0.2519250364691846,
  "sigma_DV_over_rd_data": NaN,
  "alpha_prior": [
    0.8,
    1.2
  ],
  "DH_fid_over_rd": 22.73988436409229,
  "DM_fid_over_rd": 13.500589290705014
}