{
  "tracer_bin": "LRG1",
  "dataset": "dr1",
  "z_eff": 0.51,
  "n_samples_post_burn": 268800,
  "mean_qpar": 1.001367020970524,
  "mean_qper": 0.9997641029791876,
  "sigma_qpar": 0.030553688977075354,
  "sigma_qper": 0.01598038695833846,
  "sigma_DH_over_rd_mcmc": 0.6947873542351349,
  "sigma_DM_over_rd_mcmc": 0.21574464103106622,
  "sigma_DV_over_rd_mcmc": 0.13964690275307365,
  "sigma_DH_over_rd_data": 0.6107116799276071,
  "sigma_DM_over_rd_data": 0.2519250364691846,
  "sigma_DV_over_rd_data": NaN,
  "alpha_prior": [
    0.8,
    1.2
  ],
  "DH_fid_over_rd": 22.73988436409229,
  "DM_fid_over_rd": 13.500589290705014
}