{
  "tracer": "LRG1",
  "apmode": "qparqper",
  "source": "bundle_native_xi_theory",
  "sig_DH": 0.6143088307724965,
  "sig_DM": 0.26311590692001596,
  "sig_DV": 0.15132066354167845,
  "desi_DH": 0.6107116799276071,
  "desi_DM": 0.2519250364691846,
  "desi_DV": NaN,
  "ratio_DH": 1.0058900966906608,
  "ratio_DM": 1.0444214303098858,
  "ratio_DV": NaN
}