{
  "tracer": "LRG2",
  "apmode": "qparqper",
  "source": "bundle_native_xi_theory",
  "sig_DH": 0.5834113588657893,
  "sig_DM": 0.30434381052913995,
  "sig_DV": 0.18373268550920782,
  "desi_DH": 0.5953563269169145,
  "desi_DM": 0.3193363634163826,
  "desi_DV": NaN,
  "ratio_DH": 0.9799364388836129,
  "ratio_DM": 0.9530509061766514,
  "ratio_DV": NaN
}