{
  "tracer_bin": "LRG2",
  "dataset": "dr1",
  "z_eff": 0.706,
  "n_samples_post_burn": 268800,
  "mean_qpar": 1.001060142493077,
  "mean_qper": 1.0009150835638883,
  "sigma_qpar": 0.023100642877968994,
  "sigma_qper": 0.01290667941114598,
  "sigma_DH_over_rd_mcmc": 0.46591819426387376,
  "sigma_DM_over_rd_mcmc": 0.22845852576601489,
  "sigma_DV_over_rd_mcmc": 0.1436130362977261,
  "sigma_DH_over_rd_data": 0.5953563269169145,
  "sigma_DM_over_rd_data": 0.3193363634163826,
  "sigma_DV_over_rd_data": NaN,
  "alpha_prior": [
    0.8,
    1.2
  ],
  "DH_fid_over_rd": 20.16905749009342,
  "DM_fid_over_rd": 17.700798051024815
}