{
  "tracer_bin": "LRG2",
  "dataset": "dr1",
  "z_eff": 0.706,
  "n_samples_post_burn": 268800,
  "mean_qpar": 1.0015233868680358,
  "mean_qper": 0.9993771151037172,
  "sigma_qpar": 0.02444398620915904,
  "sigma_qper": 0.012551432281406616,
  "sigma_DH_over_rd_mcmc": 0.49301216313957935,
  "sigma_DM_over_rd_mcmc": 0.22217036806429216,
  "sigma_DV_over_rd_mcmc": 0.14558878548266518,
  "sigma_DH_over_rd_data": 0.5953563269169145,
  "sigma_DM_over_rd_data": 0.3193363634163826,
  "sigma_DV_over_rd_data": NaN,
  "alpha_prior": [
    0.8,
    1.2
  ],
  "DH_fid_over_rd": 20.16905749009342,
  "DM_fid_over_rd": 17.700798051024815
}