{
  "tracer": "LRG2",
  "apmode": "qparqper",
  "source": "bundle_native_xi_theory",
  "sig_DH": 0.5761297190568153,
  "sig_DM": 0.29697831775725414,
  "sig_DV": 0.18029239449026585,
  "desi_DH": 0.5953563269169145,
  "desi_DM": 0.3193363634163826,
  "desi_DV": NaN,
  "ratio_DH": 0.9677057133840078,
  "ratio_DM": 0.9299859075868043,
  "ratio_DV": NaN
}