{
  "tracer_bin": "LRG3_ELG1",
  "dataset": "dr1",
  "z_eff": 0.934,
  "n_samples_post_burn": 268800,
  "mean_qpar": 1.0009780599993912,
  "mean_qper": 0.9994432576054476,
  "sigma_qpar": 0.0170260527175452,
  "sigma_qper": 0.011173357878063998,
  "sigma_DH_over_rd_mcmc": 0.2991235205345913,
  "sigma_DM_over_rd_mcmc": 0.24575601227891342,
  "sigma_DV_over_rd_mcmc": 0.14599998787175703,
  "sigma_DH_over_rd_data": 0.3463173154781608,
  "sigma_DM_over_rd_data": 0.2820771587704329,
  "sigma_DV_over_rd_data": NaN,
  "alpha_prior": [
    0.8,
    1.2
  ],
  "DH_fid_over_rd": 17.568577138631024,
  "DM_fid_over_rd": 21.99482151747702
}