{
  "tracer_bin": "LRG3_ELG1",
  "dataset": "dr1",
  "z_eff": 0.934,
  "n_samples_post_burn": 268800,
  "mean_qpar": 0.9996330294191114,
  "mean_qper": 1.001301960410439,
  "sigma_qpar": 0.0166796320388032,
  "sigma_qper": 0.012504123422062818,
  "sigma_DH_over_rd_mcmc": 0.2930374021176955,
  "sigma_DM_over_rd_mcmc": 0.2750259629007757,
  "sigma_DV_over_rd_mcmc": 0.15841679016547133,
  "sigma_DH_over_rd_data": 0.3463173154781608,
  "sigma_DM_over_rd_data": 0.2820771587704329,
  "sigma_DV_over_rd_data": NaN,
  "alpha_prior": [
    0.8,
    1.2
  ],
  "DH_fid_over_rd": 17.568577138631024,
  "DM_fid_over_rd": 21.99482151747702
}