{
  "tracer": "LRG3_ELG1",
  "apmode": "qparqper",
  "source": "bundle_native_xi_theory",
  "sig_DH": 0.3490144819249478,
  "sig_DM": 0.2739188610296724,
  "sig_DV": 0.16332276978321414,
  "desi_DH": 0.3463173154781608,
  "desi_DM": 0.2820771587704329,
  "desi_DV": NaN,
  "ratio_DH": 1.0077881362734145,
  "ratio_DM": 0.9710777796531903,
  "ratio_DV": NaN
}