{
  "tracer_bin": "QSO",
  "dataset": "dr1",
  "z_eff": 1.484,
  "n_samples_post_burn": 268800,
  "mean_qpar": 1.0106604302020894,
  "mean_qper": 1.0056588968490499,
  "sigma_qpar": 0.05532715869514091,
  "sigma_qper": 0.03632679332467542,
  "sigma_DH_over_rd_mcmc": 0.7125807244719702,
  "sigma_DM_over_rd_mcmc": 1.0998094146458393,
  "sigma_DV_over_rd_mcmc": 0.5984282747175715,
  "sigma_DH_over_rd_data": NaN,
  "sigma_DM_over_rd_data": NaN,
  "sigma_DV_over_rd_data": 0.6686815318221373,
  "alpha_prior": [
    0.8,
    1.2
  ],
  "DH_fid_over_rd": 12.8794021106049,
  "DM_fid_over_rd": 30.27543347457481
}