{
  "tracer_bin": "QSO",
  "dataset": "dr1",
  "z_eff": 1.484,
  "n_samples_post_burn": 268800,
  "mean_qpar": 1.0062548447435713,
  "mean_qper": 1.0035121721710425,
  "sigma_qpar": 0.056100705093244684,
  "sigma_qper": 0.033586965836825876,
  "sigma_DH_over_rd_mcmc": 0.7225435395843588,
  "sigma_DM_over_rd_mcmc": 1.0168599498056388,
  "sigma_DV_over_rd_mcmc": 0.5945882995240395,
  "sigma_DH_over_rd_data": NaN,
  "sigma_DM_over_rd_data": NaN,
  "sigma_DV_over_rd_data": 0.6686815318221373,
  "alpha_prior": [
    0.8,
    1.2
  ],
  "DH_fid_over_rd": 12.8794021106049,
  "DM_fid_over_rd": 30.27543347457481
}