{
  "BGS": {
    "prod": {
      "DV": {
        "n_seeds": 4,
        "mean": 0.16034595826489856,
        "std": 0.005889823283791857,
        "values": {
          "42": 0.15924759279807768,
          "1": 0.15413075991748573,
          "2": 0.16833233887825066,
          "3": 0.15967314146578016
        }
      }
    },
    "bundle": {
      "DV": {
        "n_seeds": 4,
        "mean": 0.17247712458329398,
        "std": 0.0015802860869167938,
        "values": {
          "42": 0.17166731589355608,
          "1": 0.1748318634786674,
          "2": 0.17148338781486294,
          "3": 0.17192593114608956
        }
      }
    }
  },
  "LRG1": {
    "prod": {
      "DH": {
        "n_seeds": 4,
        "mean": 0.7072822430281636,
        "std": 0.029142109357272083,
        "values": {
          "42": 0.676455880032412,
          "1": 0.713083561188542,
          "2": 0.7448021766565655,
          "3": 0.6947873542351349
        }
      },
      "DM": {
        "n_seeds": 4,
        "mean": 0.22213512677235014,
        "std": 0.013702619545915505,
        "values": {
          "42": 0.20691502418996072,
          "1": 0.2275884702251152,
          "2": 0.2382923716432584,
          "3": 0.21574464103106622
        }
      }
    },
    "bundle": {
      "DH": {
        "n_seeds": 4,
        "mean": 0.6168067437029853,
        "std": 0.004078592138042074,
        "values": {
          "42": 0.6123764873018661,
          "1": 0.6204090954180435,
          "2": 0.6143088307724965,
          "3": 0.6201325613195351
        }
      },
      "DM": {
        "n_seeds": 4,
        "mean": 0.260027538712169,
        "std": 0.0029819708906310954,
        "values": {
          "42": 0.26150822250757166,
          "1": 0.2592443271986357,
          "2": 0.26311590692001596,
          "3": 0.2562416982224528
        }
      }
    }
  },
  "LRG2": {
    "prod": {
      "DH": {
        "n_seeds": 4,
        "mean": 0.466203347410981,
        "std": 0.02099881349087188,
        "values": {
          "42": 0.44170976975963716,
          "1": 0.4641732624808339,
          "2": 0.49301216313957935,
          "3": 0.46591819426387376
        }
      },
      "DM": {
        "n_seeds": 4,
        "mean": 0.21736220475197934,
        "std": 0.010307918754250307,
        "values": {
          "42": 0.2046122296968682,
          "1": 0.21420769548074212,
          "2": 0.22217036806429216,
          "3": 0.22845852576601489
        }
      }
    },
    "bundle": {
      "DH": {
        "n_seeds": 4,
        "mean": 0.574285290796379,
        "std": 0.00969108022896487,
        "values": {
          "42": 0.5770124776886023,
          "1": 0.5761297190568153,
          "2": 0.5834113588657893,
          "3": 0.5605876075743089
        }
      },
      "DM": {
        "n_seeds": 4,
        "mean": 0.2985535077585465,
        "std": 0.005291573147180674,
        "values": {
          "42": 0.292023857889379,
          "1": 0.29697831775725414,
          "2": 0.30434381052913995,
          "3": 0.30086804485841295
        }
      }
    }
  },
  "LRG3_ELG1": {
    "prod": {
      "DH": {
        "n_seeds": 4,
        "mean": 0.2953383941909967,
        "std": 0.007694434568151788,
        "values": {
          "42": 0.28573941177043016,
          "1": 0.2930374021176955,
          "2": 0.2991235205345913,
          "3": 0.30345324234126997
        }
      },
      "DM": {
        "n_seeds": 4,
        "mean": 0.2483296866227784,
        "std": 0.020044823197161152,
        "values": {
          "42": 0.2263911420563922,
          "1": 0.2750259629007757,
          "2": 0.24575601227891342,
          "3": 0.24614562925503233
        }
      }
    },
    "bundle": {
      "DH": {
        "n_seeds": 4,
        "mean": 0.3582506646549293,
        "std": 0.010068242575502139,
        "values": {
          "42": 0.36117799826640284,
          "1": 0.3711603796655983,
          "2": 0.3490144819249478,
          "3": 0.35164979876276803
        }
      },
      "DM": {
        "n_seeds": 4,
        "mean": 0.27414745531773266,
        "std": 0.002210427448549945,
        "values": {
          "42": 0.27554896864738226,
          "1": 0.27111624591043343,
          "2": 0.2739188610296724,
          "3": 0.2760057456834426
        }
      }
    }
  },
  "ELG2": {
    "prod": {
      "DH": {
        "n_seeds": 4,
        "mean": 0.33683881224711865,
        "std": 0.0045308721937535905,
        "values": {
          "42": 0.33270180336474814,
          "1": 0.3333095115737249,
          "2": 0.34181858197125714,
          "3": 0.33952535207874446
        }
      },
      "DM": {
        "n_seeds": 4,
        "mean": 0.5505668976070773,
        "std": 0.017948411171480248,
        "values": {
          "42": 0.5313336825748634,
          "1": 0.5570168565159666,
          "2": 0.5723405288182413,
          "3": 0.5415765225192383
        }
      }
    },
    "bundle": {
      "DH": {
        "n_seeds": 4,
        "mean": 0.4111414561063378,
        "std": 0.004199502586029364,
        "values": {
          "42": 0.4133930724849419,
          "1": 0.40734391148195354,
          "2": 0.40790060674644973,
          "3": 0.41592823371200605
        }
      },
      "DM": {
        "n_seeds": 4,
        "mean": 0.7183854562657965,
        "std": 0.010116045595249716,
        "values": {
          "42": 0.7073454855038559,
          "1": 0.7125418619018994,
          "2": 0.7288823787585055,
          "3": 0.7247720988989255
        }
      }
    }
  },
  "QSO": {
    "prod": {
      "DV": {
        "n_seeds": 4,
        "mean": 0.5662856228409212,
        "std": 0.051274250570405,
        "values": {
          "42": 0.4900948399067555,
          "1": 0.5820310772153182,
          "2": 0.5984282747175715,
          "3": 0.5945882995240395
        }
      }
    },
    "bundle": {
      "DV": {
        "n_seeds": 4,
        "mean": 0.6562874525944669,
        "std": 0.004690206954803416,
        "values": {
          "42": 0.6628858432634873,
          "1": 0.6561609954347438,
          "2": 0.6521864970167649,
          "3": 0.6539164746628714
        }
      }
    }
  }
}