{
  "tracer_bin": "BGS",
  "dataset": "dr1",
  "z_eff": 0.295,
  "n_samples_post_burn": 268800,
  "mean_qpar": 1.0023405901879505,
  "mean_qper": 1.002993144537728,
  "sigma_qpar": 0.055851074449902956,
  "sigma_qper": 0.02802634868277926,
  "sigma_DH_over_rd_mcmc": 1.4440159915694875,
  "sigma_DM_over_rd_mcmc": 0.23208714617232876,
  "sigma_DV_over_rd_mcmc": 0.15924759279807768,
  "sigma_DH_over_rd_data": NaN,
  "sigma_DM_over_rd_data": NaN,
  "sigma_DV_over_rd_data": 0.1507417808704673,
  "alpha_prior": [
    0.8,
    1.2
  ],
  "DH_fid_over_rd": 25.854757599421557,
  "DM_fid_over_rd": 8.281033994090507
}