{
  "tracer_bin": "ELG2",
  "dataset": "dr1",
  "z_eff": 1.321,
  "n_samples_post_burn": 134400,
  "mean_qpar": 0.9992914659624956,
  "mean_qper": 1.000907859062373,
  "sigma_qpar": 0.023655797284926613,
  "sigma_qper": 0.018921070393275712,
  "sigma_DH_over_rd_mcmc": 0.33270180336474814,
  "sigma_DM_over_rd_mcmc": 0.5313336825748634,
  "sigma_DV_over_rd_mcmc": 0.2723964720540596,
  "sigma_DH_over_rd_data": 0.4222209113722341,
  "sigma_DM_over_rd_data": 0.6903403921255079,
  "sigma_DV_over_rd_data": NaN,
  "alpha_prior": [
    0.8,
    1.2
  ],
  "DH_fid_over_rd": 14.0642819752579,
  "DM_fid_over_rd": 28.081586904496273
}