{
  "tracer_bin": "LRG1",
  "dataset": "dr1",
  "z_eff": 0.51,
  "n_samples_post_burn": 134400,
  "mean_qpar": 1.0024798612383534,
  "mean_qper": 1.0010335972728917,
  "sigma_qpar": 0.029747551447560496,
  "sigma_qper": 0.01532636981501386,
  "sigma_DH_over_rd_mcmc": 0.676455880032412,
  "sigma_DM_over_rd_mcmc": 0.20691502418996072,
  "sigma_DV_over_rd_mcmc": 0.13925001694266956,
  "sigma_DH_over_rd_data": 0.6107116799276071,
  "sigma_DM_over_rd_data": 0.2519250364691846,
  "sigma_DV_over_rd_data": NaN,
  "alpha_prior": [
    0.8,
    1.2
  ],
  "DH_fid_over_rd": 22.73988436409229,
  "DM_fid_over_rd": 13.500589290705014
}