{
  "tracer_bin": "LRG2",
  "dataset": "dr1",
  "z_eff": 0.706,
  "n_samples_post_burn": 134400,
  "mean_qpar": 1.0020909200501837,
  "mean_qper": 1.001405146164006,
  "sigma_qpar": 0.02190036743048578,
  "sigma_qper": 0.011559491787152603,
  "sigma_DH_over_rd_mcmc": 0.44170976975963716,
  "sigma_DM_over_rd_mcmc": 0.2046122296968682,
  "sigma_DV_over_rd_mcmc": 0.13690887515460318,
  "sigma_DH_over_rd_data": 0.5953563269169145,
  "sigma_DM_over_rd_data": 0.3193363634163826,
  "sigma_DV_over_rd_data": NaN,
  "alpha_prior": [
    0.8,
    1.2
  ],
  "DH_fid_over_rd": 20.16905749009342,
  "DM_fid_over_rd": 17.700798051024815
}