{
  "tracer_bin": "LRG3_ELG1",
  "dataset": "dr1",
  "z_eff": 0.934,
  "n_samples_post_burn": 134400,
  "mean_qpar": 1.0009141281189256,
  "mean_qper": 1.000973439385574,
  "sigma_qpar": 0.016264231845055127,
  "sigma_qper": 0.010292929264122579,
  "sigma_DH_over_rd_mcmc": 0.28573941177043016,
  "sigma_DM_over_rd_mcmc": 0.2263911420563922,
  "sigma_DV_over_rd_mcmc": 0.13428846169561687,
  "sigma_DH_over_rd_data": 0.3463173154781608,
  "sigma_DM_over_rd_data": 0.2820771587704329,
  "sigma_DV_over_rd_data": NaN,
  "alpha_prior": [
    0.8,
    1.2
  ],
  "DH_fid_over_rd": 17.568577138631024,
  "DM_fid_over_rd": 21.99482151747702
}