{
  "tracer_bin": "QSO",
  "dataset": "dr1",
  "z_eff": 1.484,
  "n_samples_post_burn": 268800,
  "mean_qpar": 1.0028726603782,
  "mean_qper": 1.0005757079642814,
  "sigma_qpar": 0.045590042550420075,
  "sigma_qper": 0.029761734994174064,
  "sigma_DH_over_rd_mcmc": 0.5871724902464475,
  "sigma_DM_over_rd_mcmc": 0.9010494279040421,
  "sigma_DV_over_rd_mcmc": 0.4900948399067555,
  "sigma_DH_over_rd_data": NaN,
  "sigma_DM_over_rd_data": NaN,
  "sigma_DV_over_rd_data": 0.6686815318221373,
  "alpha_prior": [
    0.8,
    1.2
  ],
  "DH_fid_over_rd": 12.8794021106049,
  "DM_fid_over_rd": 30.27543347457481
}