{
  "tracer": "BGS",
  "dataset": "dr1",
  "source": "bundle_native_xi",
  "apmode": "qiso",
  "n_samples_post_burn": 100800,
  "acceptance": 0.4116458333333333,
  "sigma_DH_over_rd_mcmc": 0.664009605725165,
  "sigma_DM_over_rd_mcmc": 0.2126805706994117,
  "sigma_DV_over_rd_mcmc": 0.2069270838056899,
  "sigma_DH_over_rd_data": NaN,
  "sigma_DM_over_rd_data": NaN,
  "sigma_DV_over_rd_data": 0.1507417808704673,
  "ratio_DH": NaN,
  "ratio_DM": NaN,
  "ratio_DV": 1.372725482018172,
  "DH_over_rd_fid": 25.855757859629673,
  "DM_over_rd_fid": 8.281532812234486,
  "DV_over_rd_fid": 8.057498758073233,
  "alpha_prior": [
    0.8,
    1.2
  ],
  "seed": 42,
  "max_iterations": 3000,
  "nwalkers": 48
}