{
  "tracer": "BGS",
  "dataset": "dr1",
  "source": "bundle_native_xi",
  "apmode": "qiso",
  "n_samples_post_burn": 100800,
  "acceptance": 0.41255555555555556,
  "sigma_DH_over_rd_mcmc": 0.5727657275413919,
  "sigma_DM_over_rd_mcmc": 0.18345539094653843,
  "sigma_DV_over_rd_mcmc": 0.17849251077406933,
  "sigma_DH_over_rd_data": NaN,
  "sigma_DM_over_rd_data": NaN,
  "sigma_DV_over_rd_data": 0.1507417808704673,
  "ratio_DH": NaN,
  "ratio_DM": NaN,
  "ratio_DV": 1.1840944809286038,
  "DH_over_rd_fid": 25.855757859629673,
  "DM_over_rd_fid": 8.281532812234486,
  "DV_over_rd_fid": 8.057498758073233,
  "alpha_prior": [
    0.8,
    1.2
  ],
  "seed": 42,
  "max_iterations": 3000,
  "nwalkers": 48
}