{
  "tracer": "BGS",
  "dataset": "dr1",
  "source": "bundle_native_xi",
  "apmode": "qiso",
  "n_samples_post_burn": 100800,
  "acceptance": 0.41036805555555556,
  "sigma_DH_over_rd_mcmc": 0.7087385395724015,
  "sigma_DM_over_rd_mcmc": 0.227007133290351,
  "sigma_DV_over_rd_mcmc": 0.33178367961010874,
  "sigma_DH_over_rd_data": NaN,
  "sigma_DM_over_rd_data": NaN,
  "sigma_DV_over_rd_data": 0.1507417808704673,
  "ratio_DH": NaN,
  "ratio_DM": NaN,
  "ratio_DV": 2.201006765968959,
  "DH_over_rd_fid": 25.855757859629673,
  "DM_over_rd_fid": 8.281532812234486,
  "DV_over_rd_fid": 12.10392549973583,
  "alpha_prior": [
    0.8,
    1.2
  ],
  "seed": 42,
  "max_iterations": 3000,
  "nwalkers": 48
}