{
  "tracer": "ELG2",
  "dataset": "dr1",
  "source": "bundle_native_xi",
  "apmode": "qparqper",
  "n_samples_post_burn": 100800,
  "acceptance": 0.3921875000000001,
  "sigma_DH_over_rd_mcmc": 0.4195715724960723,
  "sigma_DM_over_rd_mcmc": 0.7391963853647727,
  "sigma_DV_over_rd_mcmc": 0.3743057602787573,
  "sigma_DH_over_rd_data": 0.4222209113722341,
  "sigma_DM_over_rd_data": 0.6903403921255079,
  "sigma_DV_over_rd_data": NaN,
  "ratio_DH": 0.9937252305492134,
  "ratio_DM": 1.0707708744795315,
  "ratio_DV": NaN,
  "DH_over_rd_fid": 14.063680092337176,
  "DM_over_rd_fid": 28.081958908364324,
  "DV_over_rd_fid": 24.46914898191861,
  "alpha_prior": [
    0.8,
    1.2
  ],
  "seed": 42,
  "max_iterations": 3000,
  "nwalkers": 48
}