{
  "tracer": "LRG1",
  "dataset": "dr1",
  "source": "bundle_native_xi",
  "apmode": "qparqper",
  "n_samples_post_burn": 100800,
  "acceptance": 0.37870833333333337,
  "sigma_DH_over_rd_mcmc": 0.6898941571129877,
  "sigma_DM_over_rd_mcmc": 0.2638267492355036,
  "sigma_DV_over_rd_mcmc": 0.19636067577876162,
  "sigma_DH_over_rd_data": 0.6107116799276071,
  "sigma_DM_over_rd_data": 0.2519250364691846,
  "sigma_DV_over_rd_data": NaN,
  "ratio_DH": 1.1296560714128914,
  "ratio_DM": 1.047243072515243,
  "ratio_DV": NaN,
  "DH_over_rd_fid": 22.740168033708066,
  "DM_over_rd_fid": 13.501220741861145,
  "DV_over_rd_fid": 16.063736876356323,
  "alpha_prior": [
    0.8,
    1.2
  ],
  "seed": 42,
  "max_iterations": 3000,
  "nwalkers": 48
}