{
  "tracer": "LRG1",
  "dataset": "dr1",
  "source": "bundle_native_xi",
  "apmode": "qparqper",
  "n_samples_post_burn": 100800,
  "acceptance": 0.39490277777777777,
  "sigma_DH_over_rd_mcmc": 0.6414844431196837,
  "sigma_DM_over_rd_mcmc": 0.2617859115336016,
  "sigma_DV_over_rd_mcmc": 0.15375884832108774,
  "sigma_DH_over_rd_data": 0.6107116799276071,
  "sigma_DM_over_rd_data": 0.2519250364691846,
  "sigma_DV_over_rd_data": NaN,
  "ratio_DH": 1.0503883652523631,
  "ratio_DM": 1.0391421003748595,
  "ratio_DV": NaN,
  "DH_over_rd_fid": 22.740168033708066,
  "DM_over_rd_fid": 13.501220741861145,
  "DV_over_rd_fid": 12.834234606595176,
  "alpha_prior": [
    0.8,
    1.2
  ],
  "seed": 42,
  "max_iterations": 3000,
  "nwalkers": 48
}