{
  "tracer": "LRG2",
  "dataset": "dr1",
  "source": "bundle_native_xi",
  "apmode": "qparqper",
  "n_samples_post_burn": 100800,
  "acceptance": 0.37397222222222215,
  "sigma_DH_over_rd_mcmc": 0.6048161845805411,
  "sigma_DM_over_rd_mcmc": 0.30699034140533177,
  "sigma_DV_over_rd_mcmc": 0.20821313505286215,
  "sigma_DH_over_rd_data": 0.5953563269169145,
  "sigma_DM_over_rd_data": 0.3193363634163826,
  "sigma_DV_over_rd_data": NaN,
  "ratio_DH": 1.0158894047748093,
  "ratio_DM": 0.9613385025151274,
  "ratio_DV": NaN,
  "DH_over_rd_fid": 20.168923865469168,
  "DM_over_rd_fid": 17.701441012108003,
  "DV_over_rd_fid": 18.488428169543003,
  "alpha_prior": [
    0.8,
    1.2
  ],
  "seed": 42,
  "max_iterations": 3000,
  "nwalkers": 48
}