{
  "tracer": "LRG2",
  "dataset": "dr1",
  "source": "bundle_native_xi",
  "apmode": "qparqper",
  "n_samples_post_burn": 100800,
  "acceptance": 0.40015972222222224,
  "sigma_DH_over_rd_mcmc": 0.5711628298242319,
  "sigma_DM_over_rd_mcmc": 0.30475955649441244,
  "sigma_DV_over_rd_mcmc": 0.18732748461902984,
  "sigma_DH_over_rd_data": 0.5953563269169145,
  "sigma_DM_over_rd_data": 0.3193363634163826,
  "sigma_DV_over_rd_data": NaN,
  "ratio_DH": 0.9593629965806025,
  "ratio_DM": 0.9543528122947794,
  "ratio_DV": NaN,
  "DH_over_rd_fid": 20.168923865469168,
  "DM_over_rd_fid": 17.701441012108003,
  "DV_over_rd_fid": 16.462718696876923,
  "alpha_prior": [
    0.8,
    1.2
  ],
  "seed": 42,
  "max_iterations": 3000,
  "nwalkers": 48
}