{
  "tracer": "LRG3_ELG1",
  "dataset": "dr1",
  "source": "bundle_native_xi",
  "apmode": "qparqper",
  "n_samples_post_burn": 100800,
  "acceptance": 0.4039027777777778,
  "sigma_DH_over_rd_mcmc": 0.36378991473575295,
  "sigma_DM_over_rd_mcmc": 0.27614811049562255,
  "sigma_DV_over_rd_mcmc": 0.16523885972389984,
  "sigma_DH_over_rd_data": 0.3463173154781608,
  "sigma_DM_over_rd_data": 0.2820771587704329,
  "sigma_DV_over_rd_data": NaN,
  "ratio_DH": 1.0504525718948465,
  "ratio_DM": 0.9789807572486375,
  "ratio_DV": NaN,
  "DH_over_rd_fid": 17.568162288025107,
  "DM_over_rd_fid": 21.995398564453897,
  "DV_over_rd_fid": 19.948594125635346,
  "alpha_prior": [
    0.8,
    1.2
  ],
  "seed": 42,
  "max_iterations": 3000,
  "nwalkers": 48
}