{
  "tracer": "QSO",
  "dataset": "dr1",
  "source": "bundle_native_xi",
  "apmode": "qiso",
  "n_samples_post_burn": 100800,
  "acceptance": 0.4176527777777778,
  "sigma_DH_over_rd_mcmc": 0.4287607532923368,
  "sigma_DM_over_rd_mcmc": 1.0079397614937942,
  "sigma_DV_over_rd_mcmc": 0.7580445450902129,
  "sigma_DH_over_rd_data": NaN,
  "sigma_DM_over_rd_data": NaN,
  "sigma_DV_over_rd_data": 0.6686815318221373,
  "ratio_DH": NaN,
  "ratio_DM": NaN,
  "ratio_DV": 1.1336406181647698,
  "DH_over_rd_fid": 12.87877981613666,
  "DM_over_rd_fid": 30.27570540570716,
  "DV_over_rd_fid": 22.769548546771848,
  "alpha_prior": [
    0.8,
    1.2
  ],
  "seed": 42,
  "max_iterations": 3000,
  "nwalkers": 48
}