{
  "tracer": "QSO",
  "dataset": "dr1",
  "source": "bundle_native_xi",
  "apmode": "qiso",
  "n_samples_post_burn": 100800,
  "acceptance": 0.42086805555555556,
  "sigma_DH_over_rd_mcmc": 0.4297700251207046,
  "sigma_DM_over_rd_mcmc": 1.01031237885244,
  "sigma_DV_over_rd_mcmc": 0.8666833573988826,
  "sigma_DH_over_rd_data": NaN,
  "sigma_DM_over_rd_data": NaN,
  "sigma_DV_over_rd_data": 0.6686815318221373,
  "ratio_DH": NaN,
  "ratio_DM": NaN,
  "ratio_DV": 1.2961078123949321,
  "DH_over_rd_fid": 12.87877981613666,
  "DM_over_rd_fid": 30.27570540570716,
  "DV_over_rd_fid": 25.97162081537769,
  "alpha_prior": [
    0.8,
    1.2
  ],
  "seed": 42,
  "max_iterations": 3000,
  "nwalkers": 48
}