{
  "tracer": "QSO",
  "dataset": "dr1",
  "source": "bundle_native_xi",
  "apmode": "qiso",
  "n_samples_post_burn": 100800,
  "acceptance": 0.4240486111111112,
  "sigma_DH_over_rd_mcmc": 0.3141310448631564,
  "sigma_DM_over_rd_mcmc": 0.7384658413949691,
  "sigma_DV_over_rd_mcmc": 0.6334833346014652,
  "sigma_DH_over_rd_data": NaN,
  "sigma_DM_over_rd_data": NaN,
  "sigma_DV_over_rd_data": 0.6686815318221373,
  "ratio_DH": NaN,
  "ratio_DM": NaN,
  "ratio_DV": 0.9473617925041865,
  "DH_over_rd_fid": 12.87877981613666,
  "DM_over_rd_fid": 30.27570540570716,
  "DV_over_rd_fid": 25.97162081537769,
  "alpha_prior": [
    0.8,
    1.2
  ],
  "seed": 42,
  "max_iterations": 3000,
  "nwalkers": 48
}