{
  "tracer": "ELG2",
  "apmode": "qparqper",
  "source": "bundle_native_xi_theory",
  "sig_DH": 0.4133930724849419,
  "sig_DM": 0.7073454855038559,
  "sig_DV": 0.37683750601942734,
  "desi_DH": 0.4222209113722341,
  "desi_DM": 0.6903403921255079,
  "desi_DV": NaN,
  "ratio_DH": 0.9790918956178617,
  "ratio_DM": 1.0246329109122394,
  "ratio_DV": NaN
}