{
  "tracer": "ELG2",
  "apmode": "qparqper",
  "source": "bundle_native_xi_theory",
  "sig_DH": 0.4199250894745122,
  "sig_DM": 0.7249929767304133,
  "sig_DV": 0.3752417720592332,
  "desi_DH": 0.4222209113722341,
  "desi_DM": 0.6903403921255079,
  "desi_DV": NaN,
  "ratio_DH": 0.9945625102028689,
  "ratio_DM": 1.0501963741368407,
  "ratio_DV": NaN
}