{
  "tracer": "LRG1",
  "apmode": "qparqper",
  "source": "bundle_native_xi_theory",
  "sig_DH": 0.6308473643209033,
  "sig_DM": 0.2611121742723573,
  "sig_DV": 0.15154201290294084,
  "desi_DH": 0.6107116799276071,
  "desi_DM": 0.2519250364691846,
  "desi_DV": NaN,
  "ratio_DH": 1.032970851966812,
  "ratio_DM": 1.036467744262077,
  "ratio_DV": NaN
}