{
  "tracer": "LRG1",
  "apmode": "qparqper",
  "source": "bundle_native_xi_theory",
  "sig_DH": 0.6123764873018661,
  "sig_DM": 0.26150822250757166,
  "sig_DV": 0.15409481297048952,
  "desi_DH": 0.6107116799276071,
  "desi_DM": 0.2519250364691846,
  "desi_DV": NaN,
  "ratio_DH": 1.0027260120102113,
  "ratio_DM": 1.0380398318988007,
  "ratio_DV": NaN
}