{
  "tracer": "LRG2",
  "apmode": "qparqper",
  "source": "bundle_native_xi_theory",
  "sig_DH": 0.5770124776886023,
  "sig_DM": 0.292023857889379,
  "sig_DV": 0.17696010054398206,
  "desi_DH": 0.5953563269169145,
  "desi_DM": 0.3193363634163826,
  "desi_DV": NaN,
  "ratio_DH": 0.9691884533699224,
  "ratio_DM": 0.9144710447792291,
  "ratio_DV": NaN
}