{
  "tracer": "LRG2",
  "apmode": "qparqper",
  "source": "bundle_native_xi_theory",
  "sig_DH": 0.5896238372411864,
  "sig_DM": 0.30996831502192834,
  "sig_DV": 0.18682382682280124,
  "desi_DH": 0.5953563269169145,
  "desi_DM": 0.3193363634163826,
  "desi_DV": NaN,
  "ratio_DH": 0.9903713298800163,
  "ratio_DM": 0.970664009904067,
  "ratio_DV": NaN
}