{
  "tracer": "LRG3_ELG1",
  "apmode": "qparqper",
  "source": "bundle_native_xi_theory",
  "sig_DH": 0.36117799826640284,
  "sig_DM": 0.27554896864738226,
  "sig_DV": 0.16400640680400125,
  "desi_DH": 0.3463173154781608,
  "desi_DM": 0.2820771587704329,
  "desi_DV": NaN,
  "ratio_DH": 1.042910597085577,
  "ratio_DM": 0.9768567219284723,
  "ratio_DV": NaN
}