{
  "tracer": "LRG3_ELG1",
  "apmode": "qparqper",
  "source": "bundle_native_xi_theory",
  "sig_DH": 0.36210707873170095,
  "sig_DM": 0.2756838315611335,
  "sig_DV": 0.1651735618800443,
  "desi_DH": 0.3463173154781608,
  "desi_DM": 0.2820771587704329,
  "desi_DV": NaN,
  "ratio_DH": 1.045593340407306,
  "ratio_DM": 0.9773348283952954,
  "ratio_DV": NaN
}