{
  "tracer": "LRG3_ELG1",
  "dataset": "dr1",
  "source": "bundle_F2_substitution",
  "apmode": "qparqper",
  "n_samples_post_burn": 84000,
  "sigma_qpar": 0.024190422657805234,
  "sigma_qper": 0.015584995065576762,
  "sigma_DH_over_rd_mcmc": 0.42498127106824196,
  "sigma_DM_over_rd_mcmc": 0.34279817809240815,
  "sigma_DV_over_rd_mcmc": 0.19428347927347211,
  "sigma_DH_over_rd_data": 0.3463173154781608,
  "sigma_DM_over_rd_data": 0.2820771587704329,
  "sigma_DV_over_rd_data": NaN,
  "DH_over_rd_fid": 17.568162288025107,
  "DM_over_rd_fid": 21.995398564453897,
  "DV_over_rd_fid": 19.948594125635346,
  "ratio_DH": 1.2271441596313766,
  "ratio_DM": 1.2152638646342604,
  "ratio_DV": NaN,
  "alpha_prior": [
    0.8,
    1.2
  ],
  "seed": 42,
  "max_iterations": 2500,
  "nwalkers": 48
}