{
  "tracer": "QSO",
  "dataset": "dr1",
  "source": "bundle_F2_substitution",
  "apmode": "qparqper",
  "n_samples_post_burn": 224000,
  "sigma_qpar": 0.11264714106575184,
  "sigma_qper": 0.08118928565628772,
  "sigma_DH_over_rd_mcmc": 1.450757726703104,
  "sigma_DM_over_rd_mcmc": 2.458062894629573,
  "sigma_DV_over_rd_mcmc": 1.1363865334019847,
  "sigma_DH_over_rd_data": NaN,
  "sigma_DM_over_rd_data": NaN,
  "sigma_DV_over_rd_data": 0.6686815318221373,
  "DH_over_rd_fid": 12.87877981613666,
  "DM_over_rd_fid": 30.27570540570716,
  "DV_over_rd_fid": 25.97162081537769,
  "ratio_DH": NaN,
  "ratio_DM": NaN,
  "ratio_DV": 1.699443575636619,
  "alpha_prior": [
    0.8,
    1.2
  ],
  "seed": 4096,
  "max_iterations": 5000,
  "nwalkers": 64
}