{
  "_meta": {
    "source": "mcmc.py --space config (full seed sweep)",
    "settings": "seeds=[42, 43, 44, 45, 46], nwalkers=48, max_iter=3000, burnin=0.3, bb_basis=desi_adame24",
    "note": "config: gaussxi = analytic Grieb cov, bundle = DESI RascalC. qiso (BGS,QSO): DV only. Per tracer: {cov: {seed: {DH,DM,DV}}}."
  },
  "BGS": {
    "gaussxi": {
      "42": {
        "DH": NaN,
        "DM": NaN,
        "DV": 0.11028917723268722
      },
      "43": {
        "DH": NaN,
        "DM": NaN,
        "DV": 0.10815503246404415
      },
      "44": {
        "DH": NaN,
        "DM": NaN,
        "DV": 0.11146701619400803
      },
      "45": {
        "DH": NaN,
        "DM": NaN,
        "DV": 0.11075456930547471
      },
      "46": {
        "DH": NaN,
        "DM": NaN,
        "DV": 0.11118941348467354
      }
    },
    "bundle": {
      "42": {
        "DH": NaN,
        "DM": NaN,
        "DV": 0.1726336913239481
      },
      "43": {
        "DH": NaN,
        "DM": NaN,
        "DV": 0.1747724724917307
      },
      "44": {
        "DH": NaN,
        "DM": NaN,
        "DV": 0.16683086465703517
      },
      "45": {
        "DH": NaN,
        "DM": NaN,
        "DV": 0.17048447557002622
      },
      "46": {
        "DH": NaN,
        "DM": NaN,
        "DV": 0.1743920145714647
      }
    }
  },
  "LRG1": {
    "gaussxi": {
      "42": {
        "DH": 0.5428382315353676,
        "DM": 0.21552266738456066,
        "DV": 0.12712444731337313
      },
      "43": {
        "DH": 0.5263971699342899,
        "DM": 0.2071803653640724,
        "DV": 0.12660286467448933
      },
      "44": {
        "DH": 0.5514423961436098,
        "DM": 0.2091624729593058,
        "DV": 0.12339538112339953
      },
      "45": {
        "DH": 0.5349165090774963,
        "DM": 0.21176608925682555,
        "DV": 0.12283846616672896
      },
      "46": {
        "DH": 0.5307878813693268,
        "DM": 0.21330728054541134,
        "DV": 0.12611174267461614
      }
    },
    "bundle": {
      "42": {
        "DH": 0.6117834301137256,
        "DM": 0.25575381880078896,
        "DV": 0.15264749919129056
      },
      "43": {
        "DH": 0.611536377859582,
        "DM": 0.25858407162490316,
        "DV": 0.15466372543179374
      },
      "44": {
        "DH": 0.6127237834945731,
        "DM": 0.2607652780962956,
        "DV": 0.15114744479740483
      },
      "45": {
        "DH": 0.6232880705750665,
        "DM": 0.26138783458556375,
        "DV": 0.15323244103306713
      },
      "46": {
        "DH": 0.6287876821886738,
        "DM": 0.25743248739272717,
        "DV": 0.14996690021509193
      }
    }
  },
  "LRG2": {
    "gaussxi": {
      "42": {
        "DH": 0.5019125597143204,
        "DM": 0.2443123709353485,
        "DV": 0.15258117541856714
      },
      "43": {
        "DH": 0.5023158930809026,
        "DM": 0.23493798141176706,
        "DV": 0.15182671103205758
      },
      "44": {
        "DH": 0.4870159146343335,
        "DM": 0.23788293018279455,
        "DV": 0.14798149259162638
      },
      "45": {
        "DH": 0.503103943500523,
        "DM": 0.2391286185432436,
        "DV": 0.15111514942735446
      },
      "46": {
        "DH": 0.5016681422382125,
        "DM": 0.24214986377842526,
        "DV": 0.15299339593122568
      }
    },
    "bundle": {
      "42": {
        "DH": 0.5779815237590831,
        "DM": 0.29527459851543886,
        "DV": 0.1807100998839049
      },
      "43": {
        "DH": 0.5885305497880671,
        "DM": 0.29361214985284523,
        "DV": 0.18124458140686697
      },
      "44": {
        "DH": 0.577859365929835,
        "DM": 0.30278034387955244,
        "DV": 0.18447670532087782
      },
      "45": {
        "DH": 0.5734898886126326,
        "DM": 0.3028129356391224,
        "DV": 0.1872641122238779
      },
      "46": {
        "DH": 0.5734474008141763,
        "DM": 0.2990914778891299,
        "DV": 0.18235901332839688
      }
    }
  },
  "LRG3_ELG1": {
    "gaussxi": {
      "42": {
        "DH": 0.2534231949514035,
        "DM": 0.18673755338983167,
        "DV": 0.11239001148424839
      },
      "43": {
        "DH": 0.2586172755052313,
        "DM": 0.1834522488095829,
        "DV": 0.110845370642328
      },
      "44": {
        "DH": 0.2578598419436999,
        "DM": 0.18542095927878757,
        "DV": 0.11328459278403437
      },
      "45": {
        "DH": 0.2582692880465689,
        "DM": 0.18597356455371947,
        "DV": 0.11144662019168713
      },
      "46": {
        "DH": 0.2585304589043424,
        "DM": 0.18997350963718043,
        "DV": 0.11641695240210884
      }
    },
    "bundle": {
      "42": {
        "DH": 0.3640532220968269,
        "DM": 0.27514559649272663,
        "DV": 0.1667197035563062
      },
      "43": {
        "DH": 0.3598865388615893,
        "DM": 0.2703426857298902,
        "DV": 0.16284171108302714
      },
      "44": {
        "DH": 0.360156069348173,
        "DM": 0.2739766933532551,
        "DV": 0.16493282773564774
      },
      "45": {
        "DH": 0.3715128115120098,
        "DM": 0.2753657334113733,
        "DV": 0.16421646973323725
      },
      "46": {
        "DH": 0.36057811902085113,
        "DM": 0.2796550649099711,
        "DV": 0.16569460214150164
      }
    }
  },
  "ELG2": {
    "gaussxi": {
      "42": {
        "DH": 0.2719660712102702,
        "DM": 0.49926242997274606,
        "DV": 0.2605252439299193
      },
      "43": {
        "DH": 0.27374561163818434,
        "DM": 0.4977241136648032,
        "DV": 0.26288132941683434
      },
      "44": {
        "DH": 0.2785019562760494,
        "DM": 0.5048089161017064,
        "DV": 0.25899614251372366
      },
      "45": {
        "DH": 0.2698392863244869,
        "DM": 0.49517610975802134,
        "DV": 0.2633198156035027
      },
      "46": {
        "DH": 0.2747808326733309,
        "DM": 0.49858410878023945,
        "DV": 0.26170239706709897
      }
    },
    "bundle": {
      "42": {
        "DH": 0.40104546655949663,
        "DM": 0.710959758630067,
        "DV": 0.3700314008165568
      },
      "43": {
        "DH": 0.4110525262765957,
        "DM": 0.7445490912998269,
        "DV": 0.37779870656314074
      },
      "44": {
        "DH": 0.4126592979886111,
        "DM": 0.7104784423731801,
        "DV": 0.3760030395786929
      },
      "45": {
        "DH": 0.41049547885468735,
        "DM": 0.7385927409499005,
        "DV": 0.3873144096922428
      },
      "46": {
        "DH": 0.4153978041834485,
        "DM": 0.7250087853995234,
        "DV": 0.3791781019586623
      }
    }
  },
  "QSO": {
    "gaussxi": {
      "42": {
        "DH": NaN,
        "DM": NaN,
        "DV": 0.49409840953238293
      },
      "43": {
        "DH": NaN,
        "DM": NaN,
        "DV": 0.49047685149431086
      },
      "44": {
        "DH": NaN,
        "DM": NaN,
        "DV": 0.4970081694112495
      },
      "45": {
        "DH": NaN,
        "DM": NaN,
        "DV": 0.4991408725231492
      },
      "46": {
        "DH": NaN,
        "DM": NaN,
        "DV": 0.4865650738577706
      }
    },
    "bundle": {
      "42": {
        "DH": NaN,
        "DM": NaN,
        "DV": 0.643747053716813
      },
      "43": {
        "DH": NaN,
        "DM": NaN,
        "DV": 0.6563157501954686
      },
      "44": {
        "DH": NaN,
        "DM": NaN,
        "DV": 0.6567536845818229
      },
      "45": {
        "DH": NaN,
        "DM": NaN,
        "DV": 0.658110165376796
      },
      "46": {
        "DH": NaN,
        "DM": NaN,
        "DV": 0.6609286938633162
      }
    }
  }
}