{
  "_meta": {
    "source": "mcmc.py --space fourier (full seed sweep)",
    "settings": "seeds=[42, 43, 44, 45, 46], nwalkers=64, max_iter=3000, burnin=0.3",
    "note": "fourier: analytic = pipeline Gaussian cov, bundle = DESI RascalC cov_\u03be substitution. qiso (BGS,QSO): DV only. Per tracer: {cov: {seed: {DH,DM,DV}}}."
  },
  "BGS": {
    "analytic": {
      "42": {
        "DH": NaN,
        "DM": NaN,
        "DV": 0.1388884654143614
      },
      "43": {
        "DH": NaN,
        "DM": NaN,
        "DV": 0.14332297963732074
      },
      "44": {
        "DH": NaN,
        "DM": NaN,
        "DV": 0.14294912228004766
      },
      "45": {
        "DH": NaN,
        "DM": NaN,
        "DV": 0.14626925125317589
      },
      "46": {
        "DH": NaN,
        "DM": NaN,
        "DV": 0.14591627157027254
      }
    },
    "bundle": {
      "42": {
        "DH": NaN,
        "DM": NaN,
        "DV": 0.28555854858336566
      },
      "43": {
        "DH": NaN,
        "DM": NaN,
        "DV": 0.27485954460247364
      },
      "44": {
        "DH": NaN,
        "DM": NaN,
        "DV": 0.31448003271414326
      },
      "45": {
        "DH": NaN,
        "DM": NaN,
        "DV": 0.2908148992379791
      },
      "46": {
        "DH": NaN,
        "DM": NaN,
        "DV": 0.30602634301690224
      }
    }
  },
  "LRG1": {
    "analytic": {
      "42": {
        "DH": 0.69089686675877,
        "DM": 0.24241843780930442,
        "DV": 0.15274838036381289
      },
      "43": {
        "DH": 0.7571963229333009,
        "DM": 0.22550790431603263,
        "DV": 0.15970768931542875
      },
      "44": {
        "DH": 0.7444777954489992,
        "DM": 0.23620094974711225,
        "DV": 0.1544061686110033
      },
      "45": {
        "DH": 0.7711472175187213,
        "DM": 0.2438097660194297,
        "DV": 0.14883517489732548
      },
      "46": {
        "DH": 0.7685663178567849,
        "DM": 0.22427141546099144,
        "DV": 0.1478541826702924
      }
    },
    "bundle": {
      "42": {
        "DH": 0.9217142630734529,
        "DM": 0.32411343728451386,
        "DV": 0.2033483463026557
      },
      "43": {
        "DH": 0.9699317480292798,
        "DM": 0.3252738580635631,
        "DV": 0.20566177847453498
      },
      "44": {
        "DH": 0.9622315043260109,
        "DM": 0.3544460450829137,
        "DV": 0.21779986237891133
      },
      "45": {
        "DH": 0.9670792134631307,
        "DM": 0.33033532298154955,
        "DV": 0.21786516690773688
      },
      "46": {
        "DH": 0.9578284278065867,
        "DM": 0.33454999291699833,
        "DV": 0.20609406421136844
      }
    }
  },
  "LRG2": {
    "analytic": {
      "42": {
        "DH": 0.49494811486330903,
        "DM": 0.238982267035983,
        "DV": 0.1470164501919312
      },
      "43": {
        "DH": 0.4379878571970706,
        "DM": 0.2070908255781924,
        "DV": 0.145404555201265
      },
      "44": {
        "DH": 0.4614177651020001,
        "DM": 0.23182773439751178,
        "DV": 0.14486568515941467
      },
      "45": {
        "DH": 0.46474142067334057,
        "DM": 0.2328989336181138,
        "DV": 0.14400130627144686
      },
      "46": {
        "DH": 0.48351598914278415,
        "DM": 0.22560463483502777,
        "DV": 0.1480754005879876
      }
    },
    "bundle": {
      "42": {
        "DH": 0.6535271350209841,
        "DM": 0.34231534040411565,
        "DV": 0.20873997734088592
      },
      "43": {
        "DH": 0.618497122825603,
        "DM": 0.32243140861151276,
        "DV": 0.1942786219114153
      },
      "44": {
        "DH": 0.6339231555587809,
        "DM": 0.31236931992763595,
        "DV": 0.21070006155971607
      },
      "45": {
        "DH": 0.6621586297416739,
        "DM": 0.3491915170677677,
        "DV": 0.21644052858072416
      },
      "46": {
        "DH": 0.5833885551478157,
        "DM": 0.3213623391659971,
        "DV": 0.20064426921847034
      }
    }
  },
  "LRG3_ELG1": {
    "analytic": {
      "42": {
        "DH": 0.2951837035346655,
        "DM": 0.2624925149811525,
        "DV": 0.15252470937527904
      },
      "43": {
        "DH": 0.3529736137761138,
        "DM": 0.2740437792859596,
        "DV": 0.1592841935403021
      },
      "44": {
        "DH": 0.8191913759561202,
        "DM": 0.28001898650108886,
        "DV": 0.3345805411015515
      },
      "45": {
        "DH": 0.31268724865616676,
        "DM": 0.23050742957392703,
        "DV": 0.14477633125740544
      },
      "46": {
        "DH": 0.3283446188058285,
        "DM": 0.2479202700782545,
        "DV": 0.15301379687214425
      }
    },
    "bundle": {
      "42": {
        "DH": 0.4779550369677826,
        "DM": 0.4021669789532191,
        "DV": 0.24244508118392177
      },
      "43": {
        "DH": 0.49171422275339277,
        "DM": 0.4090281547688101,
        "DV": 0.23988671680530466
      },
      "44": {
        "DH": 0.5065799637337276,
        "DM": 0.40121896583142697,
        "DV": 0.2397574200619237
      },
      "45": {
        "DH": 0.4617130156554419,
        "DM": 0.412634208840246,
        "DV": 0.23731297921398306
      },
      "46": {
        "DH": 0.477748023927132,
        "DM": 0.4030563715178418,
        "DV": 0.2326701540249719
      }
    }
  },
  "ELG2": {
    "analytic": {
      "42": {
        "DH": 0.3556509778388894,
        "DM": 0.5517652321793375,
        "DV": 0.2962849835854761
      },
      "43": {
        "DH": 0.34147180336759364,
        "DM": 0.6058957549136011,
        "DV": 0.3258060236029136
      },
      "44": {
        "DH": 0.34246700489724535,
        "DM": 0.5563361697778836,
        "DV": 0.28151674980745245
      },
      "45": {
        "DH": 0.35385770277771306,
        "DM": 0.5617789968433196,
        "DV": 0.2927504062096617
      },
      "46": {
        "DH": 0.3090917236403148,
        "DM": 0.5247720502217856,
        "DV": 0.2851779139496772
      }
    },
    "bundle": {
      "42": {
        "DH": 0.5830427388872589,
        "DM": 0.937261152736952,
        "DV": 0.5230260067830946
      },
      "43": {
        "DH": 0.5883029162177781,
        "DM": 0.9424808851015568,
        "DV": 0.49733920413069266
      },
      "44": {
        "DH": 0.6379698795543052,
        "DM": 1.0008388952241714,
        "DV": 0.5191827663542095
      },
      "45": {
        "DH": 0.549297296567548,
        "DM": 0.9857618488416917,
        "DV": 0.5365382489551092
      },
      "46": {
        "DH": 0.5480368804659557,
        "DM": 0.9622536204818981,
        "DV": 0.5328163097566448
      }
    }
  },
  "QSO": {
    "analytic": {
      "42": {
        "DH": NaN,
        "DM": NaN,
        "DV": 0.5092619925947224
      },
      "43": {
        "DH": NaN,
        "DM": NaN,
        "DV": 0.4902019877058418
      },
      "44": {
        "DH": NaN,
        "DM": NaN,
        "DV": 0.49315103194601034
      },
      "45": {
        "DH": NaN,
        "DM": NaN,
        "DV": 0.5172552977903905
      },
      "46": {
        "DH": NaN,
        "DM": NaN,
        "DV": 0.47883038167941344
      }
    },
    "bundle": {
      "42": {
        "DH": NaN,
        "DM": NaN,
        "DV": 0.908984405015307
      },
      "43": {
        "DH": NaN,
        "DM": NaN,
        "DV": 0.8662892817032494
      },
      "44": {
        "DH": NaN,
        "DM": NaN,
        "DV": 1.0203124893377207
      },
      "45": {
        "DH": NaN,
        "DM": NaN,
        "DV": 0.9578096692533005
      },
      "46": {
        "DH": NaN,
        "DM": NaN,
        "DV": 0.9246908415069466
      }
    }
  }
}